NumberOfDependents,Score
"(-inf, 0.0]",-14.452382170244213
"(0.0, 1.0]",13.432875133342785
"(1.0, 2.0]",12.169140452811675
"(2.0, 3.0]",11.49313844782988
"(3.0, inf]",9.641338183679746
